{
    "n_estimators": 251,
    "learning_rate": 0.08784252145158152,
    "num_leaves": 51,
    "max_depth": 8,
    "min_child_samples": 77,
    "subsample": 0.9020511362586807,
    "colsample_bytree": 0.6998967241002765,
    "scale_pos_weight": 5.629332307236831
}